# index, node_type, node_subtype, name, _pos
0,PHARYNX,,I1L,"array([ 9.5631434 , -0.16599686])"
1,PHARYNX,,I1R,"array([ 9.88530352, -0.81011648])"
2,PHARYNX,,I2L,"array([9.5576496 , 0.13688608])"
3,PHARYNX,,I2R,"array([10.02331852, -0.51987086])"
4,PHARYNX,,I3,"array([ 9.41750634, -0.94745075])"
5,PHARYNX,,I4,"array([ 9.15906325, -0.20519265])"
6,PHARYNX,,I5,"array([ 8.72418591, -0.18106006])"
7,PHARYNX,,I6,"array([ 8.1388603 , -0.03521922])"
8,PHARYNX,,M1,"array([ 9.66994838, -0.89394669])"
9,PHARYNX,,M2L,"array([ 9.04077951, -0.03617343])"
10,PHARYNX,,M2R,"array([ 9.32811201, -0.51937626])"
11,PHARYNX,,M3L,"array([ 9.11218805, -0.54539259])"
12,PHARYNX,,M3R,"array([ 9.17859588, -0.7723321 ])"
13,PHARYNX,,M4,"array([ 8.64011485, -0.38611907])"
14,PHARYNX,,M5,"array([ 8.29076366, -0.48622162])"
15,PHARYNX,,MCL,"array([8.9793031 , 0.50837796])"
16,PHARYNX,,MCR,"array([ 9.8512139 , -0.33655742])"
17,PHARYNX,,MI,"array([ 9.18596675, -1.10885735])"
18,PHARYNX,,NSML,"array([9.86729395, 0.05742082])"
19,PHARYNX,,NSMR,"array([ 9.57469583, -0.46770509])"
20,PHARYNX,,pm1,"array([10.90855392, -1.62011873])"
21,PHARYNX,,pm2D,"array([10.35875054, -1.88032321])"
22,PHARYNX,,pm2VL,"array([10.73911488, -1.13554763])"
23,PHARYNX,,pm2VR,"array([10.57367104, -1.5413373 ])"
24,PHARYNX,,pm3D,"array([ 9.73145369, -1.73805738])"
25,PHARYNX,,pm3VL,"array([10.19306193, -0.82553422])"
26,PHARYNX,,pm3VR,"array([10.11536814, -1.31348309])"
27,PHARYNX,,pm4D,"array([ 9.29366878, -1.32512581])"
28,PHARYNX,,pm4VL,"array([ 9.52990112, -0.66768561])"
29,PHARYNX,,pm4VR,"array([ 9.49079209, -1.18211579])"
30,PHARYNX,,pm5D,"array([ 9.02797178, -0.92952104])"
31,PHARYNX,,pm5VL,"array([ 8.75319236, -0.60799771])"
32,PHARYNX,,pm5VR,"array([ 8.72285266, -0.97402259])"
33,PHARYNX,,pm6D,"array([ 8.42610344, -1.33966612])"
34,PHARYNX,,pm6VL,"array([ 8.03284234, -0.73818678])"
35,PHARYNX,,pm6VR,"array([ 8.13054336, -1.0097584 ])"
36,PHARYNX,,pm7D,"array([ 7.81661847, -1.73287097])"
37,PHARYNX,,pm7VL,"array([ 7.42465852, -1.18356898])"
38,PHARYNX,,pm7VR,"array([ 7.49133052, -1.53019174])"
39,PHARYNX,,pm8,"array([ 7.69782832, -1.40805687])"
40,PHARYNX,,mc1DL,"array([ 9.64498649, -1.29619159])"
41,PHARYNX,,mc1DR,"array([ 9.26046982, -1.67654835])"
42,PHARYNX,,mc1V,"array([ 9.95589286, -1.08562659])"
43,PHARYNX,,mc2DL,"array([ 8.81295553, -1.22159817])"
44,PHARYNX,,mc2DR,"array([ 8.72768676, -1.49621582])"
45,PHARYNX,,mc2V,"array([ 8.41504222, -0.80385587])"
46,PHARYNX,,mc3DL,"array([ 8.02677724, -1.26863213])"
47,PHARYNX,,mc3DR,"array([ 8.0780956 , -1.54035587])"
48,PHARYNX,,mc3V,"array([ 7.66636328, -1.04423783])"
49,PHARYNX,,e2D,"array([11.86066408, -1.57635441])"
50,PHARYNX,,e2VL,"array([10.59666616,  0.24044436])"
51,PHARYNX,,e2VR,"array([11.15710797, -0.29938509])"
52,PHARYNX,,e3D,"array([11.43828752, -1.62690868])"
53,PHARYNX,,e3VL,"array([10.22665791, -0.09459775])"
54,PHARYNX,,e3VR,"array([10.69229109, -0.39446721])"
55,PHARYNX,,g1AL,"array([8.74786184, 0.0435502 ])"
56,PHARYNX,,g1AR,"array([ 8.92688469, -0.3754614 ])"
57,SENSORY NEURONS,,ASIL,"array([6.20487188, 7.56457031])"
58,SENSORY NEURONS,,ASIR,"array([6.71107792, 8.1125964 ])"
59,SENSORY NEURONS,,ASJL,"array([10.44228667,  7.52112385])"
60,SENSORY NEURONS,,ASJR,"array([6.56592097, 7.30056433])"
61,SENSORY NEURONS,,AWAL,"array([5.55182025, 7.92670828])"
62,SENSORY NEURONS,,AWAR,"array([5.30726735, 7.04116472])"
63,SENSORY NEURONS,,ASGL,"array([6.41413014, 6.75915191])"
64,SENSORY NEURONS,,ASGR,"array([3.59540627, 1.92144697])"
65,SENSORY NEURONS,,AWBL,"array([5.97077565, 8.69980573])"
66,SENSORY NEURONS,,AWBR,"array([2.75480546, 3.53468237])"
67,SENSORY NEURONS,,ASEL,"array([10.85869318,  6.80057424])"
68,SENSORY NEURONS,,ASER,"array([2.56713034, 5.66627548])"
69,SENSORY NEURONS,,ADFL,"array([5.49937089, 7.57357286])"
70,SENSORY NEURONS,,ADFR,"array([ 4.76390078, 11.48804864])"
71,SENSORY NEURONS,,AFDL,"array([ 4.21793319, 11.20602743])"
72,SENSORY NEURONS,,AFDR,"array([ 4.80965652, 11.0734529 ])"
73,SENSORY NEURONS,,AWCL,"array([2.86980451, 2.53735054])"
74,SENSORY NEURONS,,AWCR,"array([16.62039303,  8.16523514])"
75,SENSORY NEURONS,,ASKL,"array([7.81836828, 8.41331287])"
76,SENSORY NEURONS,,ASKR,"array([8.02918082, 8.52633418])"
77,SENSORY NEURONS,,ASHL,"array([ 8.89796353, 10.80773302])"
78,SENSORY NEURONS,,ASHR,"array([1.69197266, 7.52333283])"
79,SENSORY NEURONS,,ADLL,"array([ 4.56742541, 10.35592319])"
80,SENSORY NEURONS,,ADLR,"array([ 5.22191832, 10.27885604])"
81,SENSORY NEURONS,,BAGL,"array([ 8.43797673, 11.47150349])"
82,SENSORY NEURONS,,BAGR,"array([17.56701595,  7.54171887])"
83,SENSORY NEURONS,,URXL,"array([6.31312248, 8.61125311])"
84,SENSORY NEURONS,,URXR,"array([5.5493342 , 9.72360302])"
85,SENSORY NEURONS,,ALNL,"array([17.39189576,  4.57503619])"
86,SENSORY NEURONS,,ALNR,"array([14.53748044,  0.59582752])"
87,SENSORY NEURONS,,PLNL,"array([2.05743159, 2.26786077])"
88,SENSORY NEURONS,,PLNR,"array([ 9.87815113, 10.07333792])"
89,SENSORY NEURONS,,SDQL,"array([14.7999911,  1.4864557])"
90,SENSORY NEURONS,,SDQR,"array([5.91216989, 9.92198349])"
91,SENSORY NEURONS,,AQR,"array([8.72439201, 9.59160338])"
92,SENSORY NEURONS,,PQR,"array([8.98902124, 8.49227871])"
93,SENSORY NEURONS,,ALML,"array([7.92851207, 6.91432997])"
94,SENSORY NEURONS,,ALMR,"array([8.14341993, 6.72932473])"
95,SENSORY NEURONS,,AVM,"array([8.24230239, 7.11281317])"
96,SENSORY NEURONS,,PVM,"array([8.87798583, 8.66321711])"
97,SENSORY NEURONS,,PLML,"array([9.14234633, 7.72509045])"
98,SENSORY NEURONS,,PLMR,"array([8.93649458, 7.75991661])"
99,SENSORY NEURONS,,FLPL,"array([ 5.59740601, 10.38033409])"
100,SENSORY NEURONS,,FLPR,"array([16.55473887,  5.2448226 ])"
101,SENSORY NEURONS,,DVA,"array([9.05506664, 8.62469658])"
102,SENSORY NEURONS,,PVDL,"array([8.4368347 , 8.47660646])"
103,SENSORY NEURONS,,PVDR,"array([8.63827879, 8.24537329])"
104,SENSORY NEURONS,,ADEL,"array([4.39084508, 2.36962638])"
105,SENSORY NEURONS,,ADER,"array([ 5.1102375 , 11.69011949])"
106,SENSORY NEURONS,,PDEL,"array([9.00652335, 8.37430886])"
107,SENSORY NEURONS,,PDER,"array([9.11182514, 8.1442176 ])"
108,SENSORY NEURONS,,PHAL,"array([9.44266348, 8.70656093])"
109,SENSORY NEURONS,,PHAR,"array([9.68754566, 9.19382103])"
110,SENSORY NEURONS,,PHBL,"array([9.44222256, 9.86569476])"
111,SENSORY NEURONS,,PHBR,"array([9.61352358, 9.59460077])"
112,SENSORY NEURONS,,PHCL,"array([9.65442389, 8.4158697 ])"
113,SENSORY NEURONS,,PHCR,"array([9.61917999, 8.22003725])"
114,SENSORY NEURONS,,IL2DL,"array([4.90301106, 8.7538737 ])"
115,SENSORY NEURONS,,IL2DR,"array([4.65583975, 9.67078354])"
116,SENSORY NEURONS,,IL2L,"array([5.76845259, 9.34141614])"
117,SENSORY NEURONS,,IL2R,"array([ 5.69804018, 10.73472745])"
118,SENSORY NEURONS,,IL2VL,"array([ 5.51483714, 11.47682017])"
119,SENSORY NEURONS,,IL2VR,"array([1.21282234, 8.4966798 ])"
120,SENSORY NEURONS,,CEPDL,"array([5.57270963, 8.90428841])"
121,SENSORY NEURONS,,CEPDR,"array([ 5.88018333, 10.30266175])"
122,SENSORY NEURONS,,CEPVL,"array([ 6.06608518, 11.64910115])"
123,SENSORY NEURONS,,CEPVR,"array([ 6.24056318, 11.12546456])"
124,SENSORY NEURONS,,URYDL,"array([2.06496667, 4.63929977])"
125,SENSORY NEURONS,,URYDR,"array([7.48339494, 8.78935948])"
126,SENSORY NEURONS,,URYVL,"array([16.79463093,  9.48390782])"
127,SENSORY NEURONS,,URYVR,"array([ 7.9335565 , 10.65624509])"
128,SENSORY NEURONS,,OLLL,"array([6.46173152, 9.49145684])"
129,SENSORY NEURONS,,OLLR,"array([6.51707804, 8.9970979 ])"
130,SENSORY NEURONS,,OLQDL,"array([6.12350486, 9.49463333])"
131,SENSORY NEURONS,,OLQDR,"array([6.63885263, 9.25979902])"
132,SENSORY NEURONS,,OLQVL,"array([7.00126484, 9.44003053])"
133,SENSORY NEURONS,,OLQVR,"array([ 6.89465023, 10.24273877])"
134,SENSORY NEURONS,,IL1DL,"array([3.58514393, 3.00533397])"
135,SENSORY NEURONS,,IL1DR,"array([ 5.17037515, 10.71141927])"
136,SENSORY NEURONS,,IL1L,"array([5.24335676, 9.94520917])"
137,SENSORY NEURONS,,IL1R,"array([ 5.18347019, 11.20320388])"
138,SENSORY NEURONS,,IL1VL,"array([ 5.47850021, 10.77294581])"
139,SENSORY NEURONS,,IL1VR,"array([ 5.82355992, 11.21157587])"
140,INTERNEURONS,,AINL,"array([ 8.06922515, 11.73911103])"
141,INTERNEURONS,,AINR,"array([6.00604394, 6.29428874])"
142,INTERNEURONS,,AIML,"array([7.00273573, 7.47766698])"
143,INTERNEURONS,,AIMR,"array([7.04876025, 7.88159531])"
144,INTERNEURONS,,RIH,"array([ 5.52594701, 11.13579735])"
145,INTERNEURONS,,URBL,"array([5.11220104, 9.48768718])"
146,INTERNEURONS,,URBR,"array([15.60899406,  2.31464852])"
147,INTERNEURONS,,RIR,"array([ 8.31289724, 10.72248303])"
148,INTERNEURONS,,AIYL,"array([ 5.69404194, 12.23068788])"
149,INTERNEURONS,,AIYR,"array([ 7.55284575, 12.30246472])"
150,INTERNEURONS,,AIAL,"array([5.22244601, 7.5308419 ])"
151,INTERNEURONS,,AIAR,"array([5.80977809, 7.50184593])"
152,INTERNEURONS,,AUAL,"array([0.9554626 , 4.95973299])"
153,INTERNEURONS,,AUAR,"array([2.53816606, 3.78219408])"
154,INTERNEURONS,,AIZL,"array([6.32689432, 8.34352458])"
155,INTERNEURONS,,AIZR,"array([5.67841386, 8.19244226])"
156,INTERNEURONS,,RIS,"array([6.875579  , 8.90096681])"
157,INTERNEURONS,,ALA,"array([7.50896375, 8.45510962])"
158,INTERNEURONS,,PVQL,"array([8.89125801, 8.84362113])"
159,INTERNEURONS,,PVQR,"array([9.46817252, 9.02718923])"
160,INTERNEURONS,,ADAL,"array([6.1345797 , 7.93799241])"
161,INTERNEURONS,,ADAR,"array([3.65468574, 4.08019844])"
162,INTERNEURONS,,RIFL,"array([6.49598748, 7.90190107])"
163,INTERNEURONS,,RIFR,"array([17.43497293,  8.67015884])"
164,INTERNEURONS,,BDUL,"array([9.1715928 , 6.71874401])"
165,INTERNEURONS,,BDUR,"array([8.83925256, 6.72346589])"
166,INTERNEURONS,,PVR,"array([8.53966885, 7.63964887])"
167,INTERNEURONS,,AVFL,"array([9.29260748, 8.64784995])"
168,INTERNEURONS,,AVFR,"array([9.37850336, 8.06068424])"
169,INTERNEURONS,,AVHL,"array([9.66729207, 9.3608612 ])"
170,INTERNEURONS,,AVHR,"array([9.21714233, 9.30771117])"
171,INTERNEURONS,,PVPL,"array([9.18100365, 9.0765398 ])"
172,INTERNEURONS,,PVPR,"array([9.1548579 , 8.82855151])"
173,INTERNEURONS,,LUAL,"array([8.80313511, 9.32660778])"
174,INTERNEURONS,,LUAR,"array([8.12189121, 8.11570959])"
175,INTERNEURONS,,PVNL,"array([9.36413238, 8.55100654])"
176,INTERNEURONS,,PVNR,"array([9.53090719, 8.81047776])"
177,INTERNEURONS,,AVG,"array([9.39064802, 8.90676648])"
178,INTERNEURONS,,DVB,"array([9.33023364, 9.47134158])"
179,INTERNEURONS,,RIBL,"array([7.96503019, 9.65214471])"
180,INTERNEURONS,,RIBR,"array([7.09764226, 9.95424775])"
181,INTERNEURONS,,RIGL,"array([7.43208843, 9.81020346])"
182,INTERNEURONS,,RIGR,"array([7.21257794, 9.62746598])"
183,INTERNEURONS,,RMGL,"array([6.70035553, 8.90198574])"
184,INTERNEURONS,,RMGR,"array([ 6.20709458, 10.15264181])"
185,INTERNEURONS,,AIBL,"array([7.76454768, 9.53155331])"
186,INTERNEURONS,,AIBR,"array([7.2498043 , 8.98262273])"
187,INTERNEURONS,,RICL,"array([8.66236684, 9.99395387])"
188,INTERNEURONS,,RICR,"array([8.89100372, 9.8941347 ])"
189,INTERNEURONS,,SAADL,"array([17.08643742,  3.53038337])"
190,INTERNEURONS,,SAADR,"array([4.5669559 , 0.35088166])"
191,INTERNEURONS,,SAAVL,"array([ 8.71947153, 11.13835104])"
192,INTERNEURONS,,SAAVR,"array([ 7.31501431, 10.86583375])"
193,INTERNEURONS,,AVKL,"array([8.76601651, 9.16482608])"
194,INTERNEURONS,,AVKR,"array([8.99354149, 9.15652935])"
195,INTERNEURONS,,DVC,"array([9.13268669, 9.21480301])"
196,INTERNEURONS,,AVJL,"array([9.03137351, 8.94932021])"
197,INTERNEURONS,,AVJR,"array([9.25917077, 8.87444079])"
198,INTERNEURONS,,PVT,"array([8.61570912, 9.18743771])"
199,INTERNEURONS,,AVDL,"array([8.64719961, 7.7642343 ])"
200,INTERNEURONS,,AVDR,"array([8.78969089, 7.81025703])"
201,INTERNEURONS,,AVL,"array([9.10856356, 9.50869717])"
202,INTERNEURONS,,PVWL,"array([8.33374599, 8.86717161])"
203,INTERNEURONS,,PVWR,"array([8.1889137 , 8.72665405])"
204,INTERNEURONS,,RIAL,"array([ 7.43130842, 11.2971141 ])"
205,INTERNEURONS,,RIAR,"array([ 7.67175308, 10.65422065])"
206,INTERNEURONS,,RIML,"array([7.06774434, 8.40362238])"
207,INTERNEURONS,,RIMR,"array([7.24834251, 8.60460824])"
208,INTERNEURONS,,AVEL,"array([7.7928168, 9.2090906])"
209,INTERNEURONS,,AVER,"array([7.62753352, 9.03106856])"
210,INTERNEURONS,,RMFL,"array([17.52982716,  5.56492322])"
211,INTERNEURONS,,RMFR,"array([6.1878619 , 9.05443094])"
212,INTERNEURONS,,RID,"array([7.38645051, 9.48599282])"
213,INTERNEURONS,,AVBL,"array([8.59093432, 8.99060302])"
214,INTERNEURONS,,AVBR,"array([8.54648402, 8.88195022])"
215,INTERNEURONS,,AVAL,"array([8.61899047, 8.12816672])"
216,INTERNEURONS,,AVAR,"array([8.44283632, 8.221887  ])"
217,INTERNEURONS,,PVCL,"array([8.67759999, 8.48281985])"
218,INTERNEURONS,,PVCR,"array([8.80923465, 8.40246451])"
219,INTERNEURONS,,RIPL,"array([17.58387747,  6.5282828 ])"
220,INTERNEURONS,,RIPR,"array([ 4.30117845, 11.8385025 ])"
221,MOTOR NEURONS,HEAD MOTOR NEURONS,URADL,"array([4.38884674, 3.33521463])"
222,MOTOR NEURONS,HEAD MOTOR NEURONS,URADR,"array([4.05618682, 9.63689457])"
223,MOTOR NEURONS,HEAD MOTOR NEURONS,URAVL,"array([ 5.69968318, 11.80109069])"
224,MOTOR NEURONS,HEAD MOTOR NEURONS,URAVR,"array([ 6.3040873, 11.8301402])"
225,MOTOR NEURONS,HEAD MOTOR NEURONS,RMEL,"array([ 6.01373825, 10.94283904])"
226,MOTOR NEURONS,HEAD MOTOR NEURONS,RMER,"array([ 6.37289057, 10.55741675])"
227,MOTOR NEURONS,HEAD MOTOR NEURONS,RMED,"array([ 6.56580315, 10.68140412])"
228,MOTOR NEURONS,HEAD MOTOR NEURONS,RMEV,"array([7.10501725, 9.13555595])"
229,MOTOR NEURONS,HEAD MOTOR NEURONS,RMDDL,"array([ 6.15590652, 10.47277769])"
230,MOTOR NEURONS,HEAD MOTOR NEURONS,RMDDR,"array([6.41407278, 9.94204752])"
231,MOTOR NEURONS,HEAD MOTOR NEURONS,RMDL,"array([0.90612352, 6.0982226 ])"
232,MOTOR NEURONS,HEAD MOTOR NEURONS,RMDR,"array([6.85994808, 9.94146257])"
233,MOTOR NEURONS,HEAD MOTOR NEURONS,RMDVL,"array([ 6.57028915, 10.1987867 ])"
234,MOTOR NEURONS,HEAD MOTOR NEURONS,RMDVR,"array([ 7.13784401, 10.19459503])"
235,MOTOR NEURONS,HEAD MOTOR NEURONS,RIVL,"array([6.13198669, 9.84648858])"
236,MOTOR NEURONS,HEAD MOTOR NEURONS,RIVR,"array([6.75442529, 9.44257791])"
237,MOTOR NEURONS,HEAD MOTOR NEURONS,RMHL,"array([7.54895952, 9.65513234])"
238,MOTOR NEURONS,HEAD MOTOR NEURONS,RMHR,"array([ 6.81726251, 10.43367169])"
239,MOTOR NEURONS,SUBLATERAL MOTOR NEURONS,SABD,"array([3.57298934, 0.77885505])"
240,MOTOR NEURONS,SUBLATERAL MOTOR NEURONS,SABVL,"array([4.35908151, 1.33390679])"
241,MOTOR NEURONS,SUBLATERAL MOTOR NEURONS,SABVR,"array([1.68901888, 3.16919996])"
242,MOTOR NEURONS,SUBLATERAL MOTOR NEURONS,SMDDL,"array([ 7.46818382, 10.22869377])"
243,MOTOR NEURONS,SUBLATERAL MOTOR NEURONS,SMDDR,"array([ 7.03855481, 10.49626145])"
244,MOTOR NEURONS,SUBLATERAL MOTOR NEURONS,SMDVL,"array([6.71166303, 9.66188962])"
245,MOTOR NEURONS,SUBLATERAL MOTOR NEURONS,SMDVR,"array([7.42856597, 9.27436254])"
246,MOTOR NEURONS,SUBLATERAL MOTOR NEURONS,SMBDL,"array([8.46210801, 9.99047111])"
247,MOTOR NEURONS,SUBLATERAL MOTOR NEURONS,SMBDR,"array([ 8.15536749, 10.46234835])"
248,MOTOR NEURONS,SUBLATERAL MOTOR NEURONS,SMBVL,"array([ 7.65216634, 10.40757949])"
249,MOTOR NEURONS,SUBLATERAL MOTOR NEURONS,SMBVR,"array([ 8.55816797, 10.34032101])"
250,MOTOR NEURONS,SUBLATERAL MOTOR NEURONS,SIBDL,"array([8.32970154, 9.74177318])"
251,MOTOR NEURONS,SUBLATERAL MOTOR NEURONS,SIBDR,"array([ 7.30364621, 10.53570041])"
252,MOTOR NEURONS,SUBLATERAL MOTOR NEURONS,SIBVL,"array([8.1210587 , 9.86218658])"
253,MOTOR NEURONS,SUBLATERAL MOTOR NEURONS,SIBVR,"array([ 7.77403733, 10.15278408])"
254,MOTOR NEURONS,SUBLATERAL MOTOR NEURONS,SIADL,"array([ 7.69092774, 10.99535245])"
255,MOTOR NEURONS,SUBLATERAL MOTOR NEURONS,SIADR,"array([ 8.81324304, 10.25153878])"
256,MOTOR NEURONS,SUBLATERAL MOTOR NEURONS,SIAVL,"array([ 8.21438606, 10.11033263])"
257,MOTOR NEURONS,SUBLATERAL MOTOR NEURONS,SIAVR,"array([ 7.5998301, 11.6484193])"
258,MOTOR NEURONS,VENTRAL CORD MOTOR NEURONS,DA01,"array([8.18485401, 7.52288035])"
259,MOTOR NEURONS,VENTRAL CORD MOTOR NEURONS,DA02,"array([7.96039936, 7.49448432])"
260,MOTOR NEURONS,VENTRAL CORD MOTOR NEURONS,DA03,"array([8.10994557, 7.25761008])"
261,MOTOR NEURONS,VENTRAL CORD MOTOR NEURONS,DA04,"array([8.48913584, 7.89966106])"
262,MOTOR NEURONS,VENTRAL CORD MOTOR NEURONS,DA05,"array([8.31371628, 8.03110763])"
263,MOTOR NEURONS,VENTRAL CORD MOTOR NEURONS,DA06,"array([8.52373677, 8.35584241])"
264,MOTOR NEURONS,VENTRAL CORD MOTOR NEURONS,DA07,"array([8.31256621, 8.27622146])"
265,MOTOR NEURONS,VENTRAL CORD MOTOR NEURONS,DA08,"array([9.11593203, 8.29536368])"
266,MOTOR NEURONS,VENTRAL CORD MOTOR NEURONS,DA09,"array([9.33351176, 8.40703168])"
267,MOTOR NEURONS,VENTRAL CORD MOTOR NEURONS,PDA,"array([9.32245432, 9.17848458])"
268,MOTOR NEURONS,VENTRAL CORD MOTOR NEURONS,DB01,"array([7.78927204, 8.91143948])"
269,MOTOR NEURONS,VENTRAL CORD MOTOR NEURONS,DB02,"array([8.1350814 , 9.26580408])"
270,MOTOR NEURONS,VENTRAL CORD MOTOR NEURONS,DB03,"array([8.34750925, 9.04444932])"
271,MOTOR NEURONS,VENTRAL CORD MOTOR NEURONS,DB04,"array([8.43137354, 8.69276516])"
272,MOTOR NEURONS,VENTRAL CORD MOTOR NEURONS,DB05,"array([8.48536196, 8.12697083])"
273,MOTOR NEURONS,VENTRAL CORD MOTOR NEURONS,DB06,"array([8.65310977, 8.7279661 ])"
274,MOTOR NEURONS,VENTRAL CORD MOTOR NEURONS,DB07,"array([8.79635446, 8.9884135 ])"
275,MOTOR NEURONS,VENTRAL CORD MOTOR NEURONS,AS01,"array([8.01786294, 6.17671509])"
276,MOTOR NEURONS,VENTRAL CORD MOTOR NEURONS,AS02,"array([7.64538273, 7.11853624])"
277,MOTOR NEURONS,VENTRAL CORD MOTOR NEURONS,AS03,"array([16.5234159 , 10.59989408])"
278,MOTOR NEURONS,VENTRAL CORD MOTOR NEURONS,AS04,"array([7.57617263, 6.5739003 ])"
279,MOTOR NEURONS,VENTRAL CORD MOTOR NEURONS,AS05,"array([16.43836492,  4.29774249])"
280,MOTOR NEURONS,VENTRAL CORD MOTOR NEURONS,AS06,"array([3.0001623 , 4.79071257])"
281,MOTOR NEURONS,VENTRAL CORD MOTOR NEURONS,AS07,"array([8.40112041, 7.75739683])"
282,MOTOR NEURONS,VENTRAL CORD MOTOR NEURONS,AS08,"array([8.70405531, 7.54008461])"
283,MOTOR NEURONS,VENTRAL CORD MOTOR NEURONS,AS09,"array([9.1689128 , 7.98759981])"
284,MOTOR NEURONS,VENTRAL CORD MOTOR NEURONS,AS10,"array([9.00783253, 7.91155041])"
285,MOTOR NEURONS,VENTRAL CORD MOTOR NEURONS,AS11,"array([9.98302488, 8.51502871])"
286,MOTOR NEURONS,VENTRAL CORD MOTOR NEURONS,PDB,"array([9.84949288, 8.96794294])"
287,MOTOR NEURONS,VENTRAL CORD MOTOR NEURONS,DD01,"array([9.16879257, 4.92451747])"
288,MOTOR NEURONS,VENTRAL CORD MOTOR NEURONS,DD02,"array([9.15624611, 5.99984959])"
289,MOTOR NEURONS,VENTRAL CORD MOTOR NEURONS,DD03,"array([9.21748256, 7.33698805])"
290,MOTOR NEURONS,VENTRAL CORD MOTOR NEURONS,DD04,"array([9.20353467, 8.57432013])"
291,MOTOR NEURONS,VENTRAL CORD MOTOR NEURONS,DD05,"array([9.81069525, 8.65282003])"
292,MOTOR NEURONS,VENTRAL CORD MOTOR NEURONS,DD06,"array([10.28862731,  8.83386106])"
293,MOTOR NEURONS,VENTRAL CORD MOTOR NEURONS,VA01,"array([7.82721408, 7.67043769])"
294,MOTOR NEURONS,VENTRAL CORD MOTOR NEURONS,VA02,"array([8.54848487, 6.60696403])"
295,MOTOR NEURONS,VENTRAL CORD MOTOR NEURONS,VA03,"array([8.34294978, 6.92525429])"
296,MOTOR NEURONS,VENTRAL CORD MOTOR NEURONS,VA04,"array([7.74414295, 7.88869014])"
297,MOTOR NEURONS,VENTRAL CORD MOTOR NEURONS,VA05,"array([7.55027609, 7.60655563])"
298,MOTOR NEURONS,VENTRAL CORD MOTOR NEURONS,VA06,"array([8.4348134 , 7.12845656])"
299,MOTOR NEURONS,VENTRAL CORD MOTOR NEURONS,VA07,"array([7.99578408, 7.75754371])"
300,MOTOR NEURONS,VENTRAL CORD MOTOR NEURONS,VA08,"array([8.23043846, 7.83415537])"
301,MOTOR NEURONS,VENTRAL CORD MOTOR NEURONS,VA09,"array([8.68710462, 7.97434475])"
302,MOTOR NEURONS,VENTRAL CORD MOTOR NEURONS,VA10,"array([8.96820719, 8.23524508])"
303,MOTOR NEURONS,VENTRAL CORD MOTOR NEURONS,VA11,"array([8.82806158, 8.06378187])"
304,MOTOR NEURONS,VENTRAL CORD MOTOR NEURONS,VA12,"array([8.78634458, 8.1983933 ])"
305,MOTOR NEURONS,VENTRAL CORD MOTOR NEURONS,VB01,"array([8.16627763, 9.51951923])"
306,MOTOR NEURONS,VENTRAL CORD MOTOR NEURONS,VB02,"array([7.99624006, 9.14129684])"
307,MOTOR NEURONS,VENTRAL CORD MOTOR NEURONS,VB03,"array([7.75120506, 8.64972299])"
308,MOTOR NEURONS,VENTRAL CORD MOTOR NEURONS,VB04,"array([8.00967396, 8.92627901])"
309,MOTOR NEURONS,VENTRAL CORD MOTOR NEURONS,VB05,"array([8.31718751, 8.56628381])"
310,MOTOR NEURONS,VENTRAL CORD MOTOR NEURONS,VB06,"array([8.8807298 , 8.30864958])"
311,MOTOR NEURONS,VENTRAL CORD MOTOR NEURONS,VB07,"array([8.5758354 , 8.56808935])"
312,MOTOR NEURONS,VENTRAL CORD MOTOR NEURONS,VB08,"array([8.83392134, 8.50716841])"
313,MOTOR NEURONS,VENTRAL CORD MOTOR NEURONS,VB09,"array([8.69322755, 8.36478898])"
314,MOTOR NEURONS,VENTRAL CORD MOTOR NEURONS,VB10,"array([8.74562157, 8.62489484])"
315,MOTOR NEURONS,VENTRAL CORD MOTOR NEURONS,VB11,"array([9.01497603, 8.77151798])"
316,MOTOR NEURONS,VENTRAL CORD MOTOR NEURONS,VD01,"array([8.67100015, 4.67642357])"
317,MOTOR NEURONS,VENTRAL CORD MOTOR NEURONS,VD02,"array([8.91276947, 5.18022425])"
318,MOTOR NEURONS,VENTRAL CORD MOTOR NEURONS,VD03,"array([8.77951252, 5.74635957])"
319,MOTOR NEURONS,VENTRAL CORD MOTOR NEURONS,VD04,"array([9.19171379, 5.66853587])"
320,MOTOR NEURONS,VENTRAL CORD MOTOR NEURONS,VD05,"array([9.29918987, 6.30744848])"
321,MOTOR NEURONS,VENTRAL CORD MOTOR NEURONS,VD06,"array([9.46114972, 6.7157855 ])"
322,MOTOR NEURONS,VENTRAL CORD MOTOR NEURONS,VD07,"array([9.3307355 , 7.55827697])"
323,MOTOR NEURONS,VENTRAL CORD MOTOR NEURONS,VD08,"array([9.18478002, 8.44870007])"
324,MOTOR NEURONS,VENTRAL CORD MOTOR NEURONS,VD09,"array([9.47908102, 8.28886972])"
325,MOTOR NEURONS,VENTRAL CORD MOTOR NEURONS,VD10,"array([9.47850289, 8.47819192])"
326,MOTOR NEURONS,VENTRAL CORD MOTOR NEURONS,VD11,"array([9.80465983, 8.50854542])"
327,MOTOR NEURONS,VENTRAL CORD MOTOR NEURONS,VD12,"array([10.62431402,  8.98190776])"
328,MOTOR NEURONS,VENTRAL CORD MOTOR NEURONS,VD13,"array([10.12844435,  8.99220682])"
329,MOTOR NEURONS,BODYWALL MUSCLES,dBWML1,"array([12.81544019,  0.18064842])"
330,MOTOR NEURONS,BODYWALL MUSCLES,dBWML2,"array([12.62337108, -0.05245775])"
331,MOTOR NEURONS,BODYWALL MUSCLES,dBWML3,"array([12.38768078,  0.34219074])"
332,MOTOR NEURONS,BODYWALL MUSCLES,dBWML4,"array([11.86342874,  0.77219127])"
333,MOTOR NEURONS,BODYWALL MUSCLES,dBWML5,"array([11.27359401,  1.25398473])"
334,MOTOR NEURONS,BODYWALL MUSCLES,dBWML6,"array([10.6384661 ,  1.81080476])"
335,MOTOR NEURONS,BODYWALL MUSCLES,dBWML7,"array([10.02299007,  2.5230928 ])"
336,MOTOR NEURONS,BODYWALL MUSCLES,dBWMR1,"array([5.64668222, 1.79069977])"
337,MOTOR NEURONS,BODYWALL MUSCLES,dBWMR2,"array([5.80630623, 1.53099125])"
338,MOTOR NEURONS,BODYWALL MUSCLES,dBWMR3,"array([6.06737605, 1.90103215])"
339,MOTOR NEURONS,BODYWALL MUSCLES,dBWMR4,"array([6.60965212, 2.2510405 ])"
340,MOTOR NEURONS,BODYWALL MUSCLES,dBWMR5,"array([7.26652995, 2.56884976])"
341,MOTOR NEURONS,BODYWALL MUSCLES,dBWMR6,"array([8.00814718, 2.86428664])"
342,MOTOR NEURONS,BODYWALL MUSCLES,dBWMR7,"array([8.83574825, 3.14783027])"
343,MOTOR NEURONS,BODYWALL MUSCLES,vBWML1,"array([6.96362448, 1.66453067])"
344,MOTOR NEURONS,BODYWALL MUSCLES,vBWML2,"array([7.08312046, 1.40151067])"
345,MOTOR NEURONS,BODYWALL MUSCLES,vBWML3,"array([7.40490306, 1.75895468])"
346,MOTOR NEURONS,BODYWALL MUSCLES,vBWML4,"array([7.98358583, 2.09070519])"
347,MOTOR NEURONS,BODYWALL MUSCLES,vBWML5,"array([8.63379189, 2.45418758])"
348,MOTOR NEURONS,BODYWALL MUSCLES,vBWML6,"array([8.90821838, 2.31268073])"
349,MOTOR NEURONS,BODYWALL MUSCLES,vBWML7,"array([9.3326022 , 2.47695327])"
350,MOTOR NEURONS,BODYWALL MUSCLES,vBWMR1,"array([7.65409697, 1.06682689])"
351,MOTOR NEURONS,BODYWALL MUSCLES,vBWMR2,"array([7.82713948, 0.83969128])"
352,MOTOR NEURONS,BODYWALL MUSCLES,vBWMR3,"array([8.08092427, 1.20674949])"
353,MOTOR NEURONS,BODYWALL MUSCLES,vBWMR4,"array([8.58183123, 1.57808919])"
354,MOTOR NEURONS,BODYWALL MUSCLES,vBWMR5,"array([9.10298511, 2.04960663])"
355,MOTOR NEURONS,BODYWALL MUSCLES,vBWMR6,"array([9.46465274, 1.8380504 ])"
356,MOTOR NEURONS,BODYWALL MUSCLES,vBWMR7,"array([9.68505413, 2.24111688])"
357,MOTOR NEURONS,BODYWALL MUSCLES,dBWML8,"array([9.68832819, 3.17396881])"
358,MOTOR NEURONS,BODYWALL MUSCLES,dBWML9,"array([9.47271644, 3.91450299])"
359,MOTOR NEURONS,BODYWALL MUSCLES,dBWML10,"array([10.28840212,  3.77984404])"
360,MOTOR NEURONS,BODYWALL MUSCLES,dBWML11,"array([11.07794248,  3.65309109])"
361,MOTOR NEURONS,BODYWALL MUSCLES,dBWML12,"array([11.87454216,  3.52920301])"
362,MOTOR NEURONS,BODYWALL MUSCLES,dBWML13,"array([12.56985124,  3.56033895])"
363,MOTOR NEURONS,BODYWALL MUSCLES,dBWML14,"array([13.23755884,  3.65538733])"
364,MOTOR NEURONS,BODYWALL MUSCLES,dBWML15,"array([13.74185199,  3.91719818])"
365,MOTOR NEURONS,BODYWALL MUSCLES,dBWML16,"array([14.02834695,  4.37020098])"
366,MOTOR NEURONS,BODYWALL MUSCLES,dBWML17,"array([14.0477405 ,  4.92094397])"
367,MOTOR NEURONS,BODYWALL MUSCLES,dBWML18,"array([13.85504814,  5.50913515])"
368,MOTOR NEURONS,BODYWALL MUSCLES,dBWML19,"array([13.50025098,  6.12408251])"
369,MOTOR NEURONS,BODYWALL MUSCLES,dBWML20,"array([12.99835385,  6.78342098])"
370,MOTOR NEURONS,BODYWALL MUSCLES,dBWML21,"array([12.3500676 ,  7.54339978])"
371,MOTOR NEURONS,BODYWALL MUSCLES,dBWML22,"array([11.7685763 ,  8.22514934])"
372,MOTOR NEURONS,BODYWALL MUSCLES,dBWML23,"array([11.35734509,  8.25583814])"
373,MOTOR NEURONS,BODYWALL MUSCLES,dBWML24,"array([11.76947975,  8.68432313])"
374,MOTOR NEURONS,BODYWALL MUSCLES,dBWMR8,"array([9.45654183, 3.6481534 ])"
375,MOTOR NEURONS,BODYWALL MUSCLES,dBWMR9,"array([10.39306936,  3.25137049])"
376,MOTOR NEURONS,BODYWALL MUSCLES,dBWMR10,"array([11.30512199,  2.87476359])"
377,MOTOR NEURONS,BODYWALL MUSCLES,dBWMR11,"array([12.14807073,  2.65472146])"
378,MOTOR NEURONS,BODYWALL MUSCLES,dBWMR12,"array([12.9745397 ,  2.50252899])"
379,MOTOR NEURONS,BODYWALL MUSCLES,dBWMR13,"array([13.68761238,  2.58138999])"
380,MOTOR NEURONS,BODYWALL MUSCLES,dBWMR14,"array([14.28047366,  2.85697882])"
381,MOTOR NEURONS,BODYWALL MUSCLES,dBWMR15,"array([14.72004159,  3.31368728])"
382,MOTOR NEURONS,BODYWALL MUSCLES,dBWMR16,"array([14.96278569,  3.91051998])"
383,MOTOR NEURONS,BODYWALL MUSCLES,dBWMR17,"array([14.99794332,  4.5774552 ])"
384,MOTOR NEURONS,BODYWALL MUSCLES,dBWMR18,"array([14.82200428,  5.27160683])"
385,MOTOR NEURONS,BODYWALL MUSCLES,dBWMR19,"array([14.44786982,  5.94891633])"
386,MOTOR NEURONS,BODYWALL MUSCLES,dBWMR20,"array([13.88453056,  6.58749233])"
387,MOTOR NEURONS,BODYWALL MUSCLES,dBWMR21,"array([13.13617482,  7.18853002])"
388,MOTOR NEURONS,BODYWALL MUSCLES,dBWMR22,"array([12.59416837,  7.72629784])"
389,MOTOR NEURONS,BODYWALL MUSCLES,dBWMR23,"array([12.29458066,  8.13195021])"
390,MOTOR NEURONS,BODYWALL MUSCLES,dBWMR24,"array([11.77237844,  8.48975374])"
391,MOTOR NEURONS,BODYWALL MUSCLES,vBWML8,"array([9.78327608, 2.65451639])"
392,MOTOR NEURONS,BODYWALL MUSCLES,vBWML9,"array([10.40451149,  2.62911469])"
393,MOTOR NEURONS,BODYWALL MUSCLES,vBWML10,"array([10.91252524,  2.87477014])"
394,MOTOR NEURONS,BODYWALL MUSCLES,vBWML11,"array([11.33710289,  3.28174058])"
395,MOTOR NEURONS,BODYWALL MUSCLES,vBWML12,"array([11.59308382,  3.81665457])"
396,MOTOR NEURONS,BODYWALL MUSCLES,vBWML13,"array([11.7436725 ,  4.37562729])"
397,MOTOR NEURONS,BODYWALL MUSCLES,vBWML14,"array([11.73739223,  5.01124564])"
398,MOTOR NEURONS,BODYWALL MUSCLES,vBWML15,"array([11.59553941,  5.73202168])"
399,MOTOR NEURONS,BODYWALL MUSCLES,vBWML16,"array([11.32474568,  6.58941599])"
400,MOTOR NEURONS,BODYWALL MUSCLES,vBWML17,"array([10.85691576,  7.61987517])"
401,MOTOR NEURONS,BODYWALL MUSCLES,vBWML18,"array([11.23249033,  7.71038957])"
402,MOTOR NEURONS,BODYWALL MUSCLES,vBWML19,"array([10.98971424,  8.06930835])"
403,MOTOR NEURONS,BODYWALL MUSCLES,vBWML20,"array([11.3568887 ,  8.72412914])"
404,MOTOR NEURONS,BODYWALL MUSCLES,vBWML21,"array([12.05626728,  9.099919  ])"
405,MOTOR NEURONS,BODYWALL MUSCLES,vBWML22,"array([11.86059854,  9.20455528])"
406,MOTOR NEURONS,BODYWALL MUSCLES,vBWML23,"array([12.05424207,  9.61114984])"
407,MOTOR NEURONS,BODYWALL MUSCLES,vBWMR8,"array([10.16621789,  2.31951507])"
408,MOTOR NEURONS,BODYWALL MUSCLES,vBWMR9,"array([10.9369754 ,  2.12731312])"
409,MOTOR NEURONS,BODYWALL MUSCLES,vBWMR10,"array([11.62903297,  2.06733654])"
410,MOTOR NEURONS,BODYWALL MUSCLES,vBWMR11,"array([12.23450599,  2.23847494])"
411,MOTOR NEURONS,BODYWALL MUSCLES,vBWMR12,"array([12.635712  ,  2.74075299])"
412,MOTOR NEURONS,BODYWALL MUSCLES,vBWMR13,"array([12.87584166,  3.35688245])"
413,MOTOR NEURONS,BODYWALL MUSCLES,vBWMR14,"array([12.86663485,  4.11122297])"
414,MOTOR NEURONS,BODYWALL MUSCLES,vBWMR15,"array([12.71769133,  4.88223363])"
415,MOTOR NEURONS,BODYWALL MUSCLES,vBWMR16,"array([12.42850994,  5.68187339])"
416,MOTOR NEURONS,BODYWALL MUSCLES,vBWMR17,"array([11.98640507,  6.54630425])"
417,MOTOR NEURONS,BODYWALL MUSCLES,vBWMR18,"array([11.37529683,  7.51278617])"
418,MOTOR NEURONS,BODYWALL MUSCLES,vBWMR19,"array([10.75144803,  8.22168089])"
419,MOTOR NEURONS,BODYWALL MUSCLES,vBWMR20,"array([11.16260085,  8.36047713])"
420,MOTOR NEURONS,BODYWALL MUSCLES,vBWMR21,"array([11.55699933,  8.96132698])"
421,MOTOR NEURONS,BODYWALL MUSCLES,vBWMR22,"array([11.91070099,  9.48673634])"
422,MOTOR NEURONS,BODYWALL MUSCLES,vBWMR23,"array([11.50548128,  9.682451  ])"
423,MOTOR NEURONS,BODYWALL MUSCLES,vBWMR24,"array([11.76681527, 10.26274863])"
424,MOTOR NEURONS,OTHER END ORGANS,CEPshDL,"array([1.68970937, 5.53168885])"
425,MOTOR NEURONS,OTHER END ORGANS,CEPshDR,"array([8.93163933, 7.25144019])"
426,MOTOR NEURONS,OTHER END ORGANS,CEPshVL,"array([16.55454404,  2.44343459])"
427,MOTOR NEURONS,OTHER END ORGANS,CEPshVR,"array([ 8.01913927, 10.99278049])"
428,MOTOR NEURONS,OTHER END ORGANS,GLRDL,"array([0.84900281, 7.12527121])"
429,MOTOR NEURONS,OTHER END ORGANS,GLRDR,"array([ 6.52034461, 11.35597532])"
430,MOTOR NEURONS,OTHER END ORGANS,GLRL,"array([16.577712  ,  6.16526297])"
431,MOTOR NEURONS,OTHER END ORGANS,GLRR,"array([1.92331156, 6.51698134])"
432,MOTOR NEURONS,OTHER END ORGANS,GLRVL,"array([ 6.04375197, 12.30467963])"
433,MOTOR NEURONS,OTHER END ORGANS,GLRVR,"array([16.14566996,  3.31092425])"
434,MOTOR NEURONS,OTHER END ORGANS,CANL,"array([7.84289464, 8.18161063])"
435,MOTOR NEURONS,OTHER END ORGANS,CANR,"array([7.93667622, 8.00800644])"
436,MOTOR NEURONS,OTHER END ORGANS,exc_cell,"array([7.34354899, 7.99240712])"
437,MOTOR NEURONS,OTHER END ORGANS,exc_gl,"array([9.03128094, 2.815581  ])"
438,MOTOR NEURONS,OTHER END ORGANS,hmc,"array([9.42569544, 2.83452385])"
439,MOTOR NEURONS,OTHER END ORGANS,hyp,"array([8.97271019, 8.10225836])"
440,MOTOR NEURONS,OTHER END ORGANS,mu_intL,"array([12.59546844,  9.52943961])"
441,MOTOR NEURONS,OTHER END ORGANS,mu_intR,"array([12.89454922, 10.82888089])"
442,MOTOR NEURONS,OTHER END ORGANS,mu_anal,"array([11.19889114,  9.41075468])"
443,MOTOR NEURONS,OTHER END ORGANS,mu_sph,"array([12.44215324,  9.83493031])"
444,SEX-SPECIFIC CELLS,HEAD,CEMDL,"array([5.56154832, 8.55801811])"
445,SEX-SPECIFIC CELLS,HEAD,CEMDR,"array([5.85669283, 9.65712994])"
446,SEX-SPECIFIC CELLS,HEAD,CEMVL,"array([ 7.13158902, 11.03337364])"
447,SEX-SPECIFIC CELLS,HEAD,CEMVR,"array([7.89492741, 9.84194476])"
448,SEX-SPECIFIC CELLS,HEAD,MCML,"array([ 6.99530328, 11.72830192])"
449,SEX-SPECIFIC CELLS,HEAD,MCMR,"array([16.63418201,  7.10696972])"
450,SEX-SPECIFIC CELLS,SENSORY NEURONS,R1AL,"array([9.66507523, 7.6749167 ])"
451,SEX-SPECIFIC CELLS,SENSORY NEURONS,R1AR,"array([11.13334986,  8.61079892])"
452,SEX-SPECIFIC CELLS,SENSORY NEURONS,R1BL,"array([10.43053151,  7.80906931])"
453,SEX-SPECIFIC CELLS,SENSORY NEURONS,R1BR,"array([9.79778756, 8.33458132])"
454,SEX-SPECIFIC CELLS,SENSORY NEURONS,R2AL,"array([9.9255158 , 8.02690013])"
455,SEX-SPECIFIC CELLS,SENSORY NEURONS,R2AR,"array([10.19701126,  8.515864  ])"
456,SEX-SPECIFIC CELLS,SENSORY NEURONS,R2BL,"array([10.07440991,  8.09295619])"
457,SEX-SPECIFIC CELLS,SENSORY NEURONS,R2BR,"array([9.95517178, 8.38239644])"
458,SEX-SPECIFIC CELLS,SENSORY NEURONS,R3AL,"array([10.08746294,  7.8227283 ])"
459,SEX-SPECIFIC CELLS,SENSORY NEURONS,R3AR,"array([10.55898727,  8.15534637])"
460,SEX-SPECIFIC CELLS,SENSORY NEURONS,R3BL,"array([10.66541544,  8.46580208])"
461,SEX-SPECIFIC CELLS,SENSORY NEURONS,R3BR,"array([10.30170377,  8.9959328 ])"
462,SEX-SPECIFIC CELLS,SENSORY NEURONS,R4AL,"array([10.2663585 ,  7.93628518])"
463,SEX-SPECIFIC CELLS,SENSORY NEURONS,R4AR,"array([10.50094008,  7.99689237])"
464,SEX-SPECIFIC CELLS,SENSORY NEURONS,R4BL,"array([10.28385892,  8.31134591])"
465,SEX-SPECIFIC CELLS,SENSORY NEURONS,R4BR,"array([10.20744178,  7.64191986])"
466,SEX-SPECIFIC CELLS,SENSORY NEURONS,R5AL,"array([10.40794005,  9.97517312])"
467,SEX-SPECIFIC CELLS,SENSORY NEURONS,R5AR,"array([9.92988741, 8.65957062])"
468,SEX-SPECIFIC CELLS,SENSORY NEURONS,R5BL,"array([10.48704866,  7.13596032])"
469,SEX-SPECIFIC CELLS,SENSORY NEURONS,R5BR,"array([9.80119145, 9.08333506])"
470,SEX-SPECIFIC CELLS,SENSORY NEURONS,R6AL,"array([10.51680829,  8.31875049])"
471,SEX-SPECIFIC CELLS,SENSORY NEURONS,R6AR,"array([10.48372574,  8.51594568])"
472,SEX-SPECIFIC CELLS,SENSORY NEURONS,R6BL,"array([10.16956878,  9.89703347])"
473,SEX-SPECIFIC CELLS,SENSORY NEURONS,R6BR,"array([9.79188656, 7.90097773])"
474,SEX-SPECIFIC CELLS,SENSORY NEURONS,R7AL,"array([10.62810533,  8.65487202])"
475,SEX-SPECIFIC CELLS,SENSORY NEURONS,R7AR,"array([10.4499385 ,  8.73131145])"
476,SEX-SPECIFIC CELLS,SENSORY NEURONS,R7BL,"array([10.3629254 ,  8.61401091])"
477,SEX-SPECIFIC CELLS,SENSORY NEURONS,R7BR,"array([10.1135886 ,  8.81076594])"
478,SEX-SPECIFIC CELLS,SENSORY NEURONS,R8AL,"array([10.10494509,  8.27290867])"
479,SEX-SPECIFIC CELLS,SENSORY NEURONS,R8AR,"array([9.77138074, 8.1706825 ])"
480,SEX-SPECIFIC CELLS,SENSORY NEURONS,R8BL,"array([9.87436338, 7.66088704])"
481,SEX-SPECIFIC CELLS,SENSORY NEURONS,R8BR,"array([10.19074968,  7.20731847])"
482,SEX-SPECIFIC CELLS,SENSORY NEURONS,R9AL,"array([10.11698035,  9.43976851])"
483,SEX-SPECIFIC CELLS,SENSORY NEURONS,R9AR,"array([10.78713763,  8.87093164])"
484,SEX-SPECIFIC CELLS,SENSORY NEURONS,R9BL,"array([10.57838523,  9.33612516])"
485,SEX-SPECIFIC CELLS,SENSORY NEURONS,R9BR,"array([10.99445575,  8.98073461])"
486,SEX-SPECIFIC CELLS,SENSORY NEURONS,PHDL,"array([10.6996963 ,  7.77535174])"
487,SEX-SPECIFIC CELLS,SENSORY NEURONS,PHDR,"array([10.33239406,  8.15631343])"
488,SEX-SPECIFIC CELLS,SENSORY NEURONS,HOA,"array([10.00969899,  8.94856093])"
489,SEX-SPECIFIC CELLS,SENSORY NEURONS,HOB,"array([9.81212049, 9.30669418])"
490,SEX-SPECIFIC CELLS,SENSORY NEURONS,PCAL,"array([10.17373247,  9.63109709])"
491,SEX-SPECIFIC CELLS,SENSORY NEURONS,PCAR,"array([10.33435734,  9.37622599])"
492,SEX-SPECIFIC CELLS,SENSORY NEURONS,PCBL,"array([10.45223247,  8.93736937])"
493,SEX-SPECIFIC CELLS,SENSORY NEURONS,PCBR,"array([10.27280747,  9.13673967])"
494,SEX-SPECIFIC CELLS,SENSORY NEURONS,PCCL,"array([10.20332414,  9.30349868])"
495,SEX-SPECIFIC CELLS,SENSORY NEURONS,PCCR,"array([10.00455311,  9.10113463])"
496,SEX-SPECIFIC CELLS,SENSORY NEURONS,SPCL,"array([9.92384309, 9.70628446])"
497,SEX-SPECIFIC CELLS,SENSORY NEURONS,SPCR,"array([9.94442373, 9.3680836 ])"
498,SEX-SPECIFIC CELLS,SENSORY NEURONS,SPDL,"array([10.07023421,  9.23293742])"
499,SEX-SPECIFIC CELLS,SENSORY NEURONS,SPDR,"array([9.95610594, 9.51915344])"
500,SEX-SPECIFIC CELLS,SENSORY NEURONS,SPVL,"array([9.65424166, 8.98192328])"
501,SEX-SPECIFIC CELLS,SENSORY NEURONS,SPVR,"array([9.70800606, 8.82735143])"
502,SEX-SPECIFIC CELLS,INTERNEURONS,PVV,"array([10.19926175,  8.73182282])"
503,SEX-SPECIFIC CELLS,INTERNEURONS,PVX,"array([9.34508544, 8.77554181])"
504,SEX-SPECIFIC CELLS,INTERNEURONS,PVY,"array([9.44648283, 9.1623728 ])"
505,SEX-SPECIFIC CELLS,INTERNEURONS,PVZ,"array([9.59490442, 8.62262034])"
506,SEX-SPECIFIC CELLS,INTERNEURONS,DVE,"array([9.41642996, 9.60183347])"
507,SEX-SPECIFIC CELLS,INTERNEURONS,DVF,"array([9.41890722, 9.33636007])"
508,SEX-SPECIFIC CELLS,INTERNEURONS,DX1,"array([11.98464509,  8.04344763])"
509,SEX-SPECIFIC CELLS,INTERNEURONS,DX2,"array([12.62039698,  8.33029742])"
510,SEX-SPECIFIC CELLS,INTERNEURONS,DX3,"array([10.90698381,  8.51440978])"
511,SEX-SPECIFIC CELLS,INTERNEURONS,EF1,"array([9.81395934, 8.84562709])"
512,SEX-SPECIFIC CELLS,INTERNEURONS,EF2,"array([9.6343432 , 8.74193297])"
513,SEX-SPECIFIC CELLS,INTERNEURONS,EF3,"array([9.34714148, 9.01985723])"
514,SEX-SPECIFIC CELLS,INTERNEURONS,PDC,"array([9.89368984, 9.18339994])"
515,SEX-SPECIFIC CELLS,INTERNEURONS,PGA,"array([10.78591819,  9.17527452])"
516,SEX-SPECIFIC CELLS,INTERNEURONS,CA01,"array([2.78924627, 1.46670457])"
517,SEX-SPECIFIC CELLS,INTERNEURONS,CA02,"array([9.24101509, 9.78196317])"
518,SEX-SPECIFIC CELLS,INTERNEURONS,CA03,"array([8.93694923, 9.48063579])"
519,SEX-SPECIFIC CELLS,INTERNEURONS,CA04,"array([9.93261807, 8.21072451])"
520,SEX-SPECIFIC CELLS,INTERNEURONS,CA05,"array([9.51928404, 8.91886297])"
521,SEX-SPECIFIC CELLS,INTERNEURONS,CA06,"array([9.60023545, 9.10219817])"
522,SEX-SPECIFIC CELLS,INTERNEURONS,CA07,"array([9.95262836, 8.80069274])"
523,SEX-SPECIFIC CELLS,INTERNEURONS,CA08,"array([9.3267138 , 8.25528497])"
524,SEX-SPECIFIC CELLS,INTERNEURONS,CA09,"array([9.63882163, 8.07257466])"
525,SEX-SPECIFIC CELLS,INTERNEURONS,CP01,"array([9.75530751, 9.47625263])"
526,SEX-SPECIFIC CELLS,INTERNEURONS,CP02,"array([9.70767434, 9.95352697])"
527,SEX-SPECIFIC CELLS,INTERNEURONS,CP03,"array([9.74124114, 9.69649855])"
528,SEX-SPECIFIC CELLS,INTERNEURONS,CP04,"array([9.55033161, 9.24796055])"
529,SEX-SPECIFIC CELLS,INTERNEURONS,CP05,"array([9.19229311, 8.96594452])"
530,SEX-SPECIFIC CELLS,INTERNEURONS,CP06,"array([9.55408631, 9.45752449])"
531,SEX-SPECIFIC CELLS,INTERNEURONS,CP07,"array([10.08967558,  8.41830875])"
532,SEX-SPECIFIC CELLS,INTERNEURONS,CP08,"array([10.35655677,  8.42047879])"
533,SEX-SPECIFIC CELLS,INTERNEURONS,CP09,"array([10.09230583,  8.65026903])"
534,SEX-SPECIFIC CELLS,MUSCLES,dglL1,"array([12.08540269,  8.37600592])"
535,SEX-SPECIFIC CELLS,MUSCLES,dglL2,"array([12.21051872,  8.5768265 ])"
536,SEX-SPECIFIC CELLS,MUSCLES,dglL3,"array([12.28430415,  8.96653469])"
537,SEX-SPECIFIC CELLS,MUSCLES,dglL4,"array([12.58380819,  9.31144164])"
538,SEX-SPECIFIC CELLS,MUSCLES,dglL5,"array([12.92060458,  9.71928126])"
539,SEX-SPECIFIC CELLS,MUSCLES,dglL6,"array([12.51092147, 10.08590883])"
540,SEX-SPECIFIC CELLS,MUSCLES,dglL7,"array([11.88503473, 10.87455087])"
541,SEX-SPECIFIC CELLS,MUSCLES,dglR1,"array([12.44948822,  8.74006697])"
542,SEX-SPECIFIC CELLS,MUSCLES,dglR2,"array([12.05640833,  8.80538259])"
543,SEX-SPECIFIC CELLS,MUSCLES,dglR3,"array([12.1549731 ,  9.31944316])"
544,SEX-SPECIFIC CELLS,MUSCLES,dglR4,"array([12.1775438 ,  9.83059921])"
545,SEX-SPECIFIC CELLS,MUSCLES,dglR5,"array([12.74198463, 10.37780983])"
546,SEX-SPECIFIC CELLS,MUSCLES,dglR6,"array([12.16945389, 10.08574735])"
547,SEX-SPECIFIC CELLS,MUSCLES,dglR7,"array([12.32842542, 10.5610579 ])"
548,SEX-SPECIFIC CELLS,MUSCLES,dglR8,"array([11.65857431, 10.69685562])"
549,SEX-SPECIFIC CELLS,MUSCLES,aobL,"array([11.58033436, 11.24508144])"
550,SEX-SPECIFIC CELLS,MUSCLES,aobR,"array([10.98392807, 10.25657444])"
551,SEX-SPECIFIC CELLS,MUSCLES,pobL,"array([11.0367848 , 11.42814314])"
552,SEX-SPECIFIC CELLS,MUSCLES,pobR,"array([11.58792017, 11.72353261])"
553,SEX-SPECIFIC CELLS,MUSCLES,gecL,"array([11.31565181,  9.97459247])"
554,SEX-SPECIFIC CELLS,MUSCLES,gecR,"array([11.34600838, 10.22193614])"
555,SEX-SPECIFIC CELLS,MUSCLES,grtL,"array([11.03035912, 10.73182723])"
556,SEX-SPECIFIC CELLS,MUSCLES,grtR,"array([11.351164  , 11.06663867])"
557,SEX-SPECIFIC CELLS,MUSCLES,cdlL,"array([11.90191347,  9.00399078])"
558,SEX-SPECIFIC CELLS,MUSCLES,cdlR,"array([12.05091537, 10.69345789])"
559,SEX-SPECIFIC CELLS,MUSCLES,ailL,"array([12.38355826,  9.54804308])"
560,SEX-SPECIFIC CELLS,MUSCLES,ailR,"array([11.65041402,  9.51993496])"
561,SEX-SPECIFIC CELLS,MUSCLES,pilL,"array([12.69015377,  9.8928839 ])"
562,SEX-SPECIFIC CELLS,MUSCLES,pilR,"array([12.11540989, 10.33419784])"
563,SEX-SPECIFIC CELLS,MUSCLES,polL,"array([12.50481755,  9.06776572])"
564,SEX-SPECIFIC CELLS,MUSCLES,polR,"array([11.94826804, 10.11512908])"
565,SEX-SPECIFIC CELLS,MUSCLES,dspL,"array([10.89182966,  9.58873269])"
566,SEX-SPECIFIC CELLS,MUSCLES,dspR,"array([11.6919135 , 10.05519929])"
567,SEX-SPECIFIC CELLS,MUSCLES,vspL,"array([11.83107297,  9.70844067])"
568,SEX-SPECIFIC CELLS,MUSCLES,vspR,"array([12.41778353, 10.33978763])"
569,SEX-SPECIFIC CELLS,MUSCLES,dsrL,"array([11.9819334 ,  7.78296545])"
570,SEX-SPECIFIC CELLS,MUSCLES,dsrR,"array([13.05812323,  8.07312113])"
571,SEX-SPECIFIC CELLS,MUSCLES,vsrL,"array([11.76397944,  7.75116121])"
572,SEX-SPECIFIC CELLS,MUSCLES,vsrR,"array([12.92069408,  7.81556612])"
573,SEX-SPECIFIC CELLS,OTHER,gonad,"array([1.34201558, 4.0379778 ])"
574,SEX-SPECIFIC CELLS,OTHER,R1shL,"array([8.9873092 , 7.02494654])"
575,SEX-SPECIFIC CELLS,OTHER,R1shR,"array([9.57929504, 7.48881227])"
576,SEX-SPECIFIC CELLS,OTHER,R2shL,"array([9.82559243, 7.36395105])"
577,SEX-SPECIFIC CELLS,OTHER,R2shR,"array([10.11544759,  7.42514732])"
578,SEX-SPECIFIC CELLS,OTHER,R3shL,"array([9.9112356 , 6.62875509])"
579,SEX-SPECIFIC CELLS,OTHER,R3shR,"array([9.6687411 , 7.23948615])"
580,SEX-SPECIFIC CELLS,OTHER,R4shL,"array([9.21814994, 7.08586066])"
581,SEX-SPECIFIC CELLS,OTHER,R5shL,"array([9.46112749, 7.03005033])"
582,SEX-SPECIFIC CELLS,OTHER,R5shR,"array([8.73886814, 7.03209385])"
583,SEX-SPECIFIC CELLS,OTHER,R7shR,"array([8.65563141, 7.24832308])"
584,SEX-SPECIFIC CELLS,OTHER,R8shR,"array([15.73567765,  1.36192581])"
